-- phpMyAdmin SQL Dump
-- version 5.2.2
-- https://www.phpmyadmin.net/
--
-- Host: localhost
-- Waktu pembuatan: 06 Apr 2025 pada 11.26
-- Versi server: 8.4.0
-- Versi PHP: 7.4.33

SET SQL_MODE = "NO_AUTO_VALUE_ON_ZERO";
START TRANSACTION;
SET time_zone = "+00:00";


/*!40101 SET @OLD_CHARACTER_SET_CLIENT=@@CHARACTER_SET_CLIENT */;
/*!40101 SET @OLD_CHARACTER_SET_RESULTS=@@CHARACTER_SET_RESULTS */;
/*!40101 SET @OLD_COLLATION_CONNECTION=@@COLLATION_CONNECTION */;
/*!40101 SET NAMES utf8mb4 */;

--
-- Database: `ujicoba`
--

-- --------------------------------------------------------

--
-- Struktur dari tabel `kas_rt`
--

CREATE TABLE `kas_rt` (
  `id` int NOT NULL,
  `tanggal` date NOT NULL,
  `masuk` int NOT NULL,
  `keluar` int NOT NULL,
  `saldo_akhir` int NOT NULL,
  `keterangan` text NOT NULL,
  `created_at` timestamp NULL DEFAULT CURRENT_TIMESTAMP
) ENGINE=InnoDB DEFAULT CHARSET=utf8mb3;

--
-- Dumping data untuk tabel `kas_rt`
--

INSERT INTO `kas_rt` (`id`, `tanggal`, `masuk`, `keluar`, `saldo_akhir`, `keterangan`, `created_at`) VALUES
(1, '2025-03-01', 100000, 0, 100000, 'Iuran warga', '2025-04-06 03:02:14'),
(2, '2025-03-02', 0, 50000, 50000, 'Beli perlengkapan RT', '2025-04-06 03:02:14'),
(3, '2025-03-03', 150000, 0, 200000, 'Donasi warga', '2025-04-06 03:02:14'),
(4, '2025-03-04', 0, 30000, 170000, 'Bayar listrik pos ronda', '2025-04-06 03:02:14'),
(5, '2025-03-05', 125000, 0, 295000, 'Kas tambahan kegiatan', '2025-04-06 03:02:14'),
(6, '2025-03-06', 0, 20000, 275000, 'Konsumsi rapat RT', '2025-04-06 03:02:14'),
(7, '2025-03-07', 175000, 0, 450000, 'Iuran warga', '2025-04-06 03:02:14'),
(8, '2025-03-08', 0, 40000, 410000, 'Beli alat kebersihan', '2025-04-06 03:02:14'),
(9, '2025-03-09', 100000, 0, 510000, 'Donasi kegiatan sosial', '2025-04-06 03:02:14'),
(10, '2025-03-10', 0, 30000, 480000, 'Cetak undangan rapat', '2025-04-06 03:02:14'),
(11, '2025-03-11', 130000, 0, 610000, 'Kas RT mingguan', '2025-04-06 03:02:14'),
(12, '2025-03-12', 0, 25000, 585000, 'Bayar air pos ronda', '2025-04-06 03:02:14'),
(13, '2025-03-13', 90000, 0, 675000, 'Iuran warga', '2025-04-06 03:02:14'),
(14, '2025-03-14', 0, 50000, 625000, 'Perbaikan got', '2025-04-06 03:02:14'),
(15, '2025-03-15', 200000, 0, 825000, 'Kas kegiatan bulanan', '2025-04-06 03:02:14'),
(16, '2025-03-16', 0, 45000, 780000, 'Snack anak-anak', '2025-04-06 03:02:14'),
(17, '2025-03-17', 110000, 0, 890000, 'Donasi warga baru', '2025-04-06 03:02:14'),
(18, '2025-03-18', 0, 35000, 855000, 'Transport RT', '2025-04-06 03:02:14'),
(19, '2025-03-19', 95000, 0, 950000, 'Iuran warga', '2025-04-06 03:02:14'),
(20, '2025-03-20', 0, 60000, 890000, 'Beli karpet mushola', '2025-04-06 03:02:14'),
(21, '2025-03-21', 105000, 0, 995000, 'Kas rutin', '2025-04-06 03:02:14'),
(22, '2025-03-22', 0, 50000, 945000, 'Konsumsi kegiatan RT', '2025-04-06 03:02:14'),
(23, '2025-03-23', 160000, 0, 1105000, 'Iuran warga', '2025-04-06 03:02:14'),
(24, '2025-03-24', 0, 30000, 1075000, 'Biaya kebersihan lingkungan', '2025-04-06 03:02:14'),
(25, '2025-03-25', 80000, 0, 1155000, 'Donasi warga', '2025-04-06 03:02:14'),
(26, '2025-03-26', 0, 40000, 1115000, 'Beli alat tulis', '2025-04-06 03:02:14'),
(27, '2025-03-27', 140000, 0, 1255000, 'Kas RT', '2025-04-06 03:02:14'),
(28, '2025-03-28', 0, 20000, 1235000, 'Bayar iuran RW', '2025-04-06 03:02:14'),
(29, '2025-03-29', 120000, 0, 1355000, 'Iuran tambahan', '2025-04-06 03:02:14'),
(30, '2025-03-30', 0, 35000, 1320000, 'Biaya rapat darurat', '2025-04-06 03:02:14'),
(31, '2025-03-31', 100000, 0, 1420000, 'Kas akhir bulan', '2025-04-06 03:02:14');

-- --------------------------------------------------------

--
-- Struktur dari tabel `tab_march25`
--

CREATE TABLE `tab_march25` (
  `id` int NOT NULL,
  `warga_id` int NOT NULL,
  `tanggal` date NOT NULL,
  `jumlah` int NOT NULL DEFAULT '0',
  `created_at` timestamp NULL DEFAULT CURRENT_TIMESTAMP
) ENGINE=InnoDB DEFAULT CHARSET=utf8mb3;

--
-- Dumping data untuk tabel `tab_march25`
--

INSERT INTO `tab_march25` (`id`, `warga_id`, `tanggal`, `jumlah`, `created_at`) VALUES
(2, 1, '2025-03-01', 17000, '2025-04-06 03:13:02'),
(3, 2, '2025-03-01', 12000, '2025-04-06 03:13:02'),
(4, 3, '2025-03-01', 2000, '2025-04-06 03:13:02'),
(5, 4, '2025-03-01', 12000, '2025-04-06 03:13:02'),
(6, 5, '2025-03-01', 2000, '2025-04-06 03:13:02'),
(7, 6, '2025-03-01', 2000, '2025-04-06 03:13:02'),
(8, 7, '2025-03-01', 2000, '2025-04-06 03:13:02'),
(9, 8, '2025-03-01', 12000, '2025-04-06 03:13:02'),
(10, 9, '2025-03-01', 7000, '2025-04-06 03:13:02'),
(11, 10, '2025-03-01', 7000, '2025-04-06 03:13:02'),
(12, 11, '2025-03-01', 12000, '2025-04-06 03:13:02'),
(13, 12, '2025-03-01', 12000, '2025-04-06 03:13:02'),
(14, 13, '2025-03-01', 17000, '2025-04-06 03:13:02'),
(15, 14, '2025-03-01', 2000, '2025-04-06 03:13:02'),
(16, 15, '2025-03-01', 17000, '2025-04-06 03:13:02'),
(17, 16, '2025-03-01', 7000, '2025-04-06 03:13:02'),
(18, 17, '2025-03-01', 7000, '2025-04-06 03:13:02'),
(19, 18, '2025-03-01', 12000, '2025-04-06 03:13:02'),
(20, 19, '2025-03-01', 7000, '2025-04-06 03:13:02'),
(21, 20, '2025-03-01', 12000, '2025-04-06 03:13:02'),
(22, 21, '2025-03-01', 7000, '2025-04-06 03:13:02'),
(23, 22, '2025-03-01', 7000, '2025-04-06 03:13:02'),
(24, 23, '2025-03-01', 12000, '2025-04-06 03:13:02'),
(25, 24, '2025-03-01', 7000, '2025-04-06 03:13:02'),
(26, 25, '2025-03-01', 12000, '2025-04-06 03:13:02'),
(27, 26, '2025-03-01', 12000, '2025-04-06 03:13:02'),
(28, 1, '2025-03-02', 2000, '2025-04-06 03:13:02'),
(29, 2, '2025-03-02', 2000, '2025-04-06 03:13:02'),
(30, 3, '2025-03-02', 17000, '2025-04-06 03:13:02'),
(31, 4, '2025-03-02', 2000, '2025-04-06 03:13:02'),
(32, 5, '2025-03-02', 2000, '2025-04-06 03:13:02'),
(33, 6, '2025-03-02', 2000, '2025-04-06 03:13:02'),
(34, 7, '2025-03-02', 7000, '2025-04-06 03:13:02'),
(35, 8, '2025-03-02', 12000, '2025-04-06 03:13:02'),
(36, 9, '2025-03-02', 12000, '2025-04-06 03:13:02'),
(37, 10, '2025-03-02', 7000, '2025-04-06 03:13:02'),
(38, 11, '2025-03-02', 7000, '2025-04-06 03:13:02'),
(39, 12, '2025-03-02', 2000, '2025-04-06 03:13:02'),
(40, 13, '2025-03-02', 7000, '2025-04-06 03:13:02'),
(41, 14, '2025-03-02', 12000, '2025-04-06 03:13:02'),
(42, 15, '2025-03-02', 12000, '2025-04-06 03:13:02'),
(43, 16, '2025-03-02', 17000, '2025-04-06 03:13:02'),
(44, 17, '2025-03-02', 12000, '2025-04-06 03:13:02'),
(45, 18, '2025-03-02', 7000, '2025-04-06 03:13:02'),
(46, 19, '2025-03-02', 7000, '2025-04-06 03:13:02'),
(47, 20, '2025-03-02', 2000, '2025-04-06 03:13:02'),
(48, 21, '2025-03-02', 2000, '2025-04-06 03:13:02'),
(49, 22, '2025-03-02', 12000, '2025-04-06 03:13:02'),
(50, 23, '2025-03-02', 12000, '2025-04-06 03:13:02'),
(51, 24, '2025-03-02', 17000, '2025-04-06 03:13:02'),
(52, 25, '2025-03-02', 2000, '2025-04-06 03:13:02'),
(53, 26, '2025-03-02', 12000, '2025-04-06 03:13:02'),
(54, 1, '2025-03-03', 2000, '2025-04-06 03:13:02'),
(55, 2, '2025-03-03', 2000, '2025-04-06 03:13:02'),
(56, 3, '2025-03-03', 17000, '2025-04-06 03:13:02'),
(57, 4, '2025-03-03', 12000, '2025-04-06 03:13:02'),
(58, 5, '2025-03-03', 7000, '2025-04-06 03:13:02'),
(59, 6, '2025-03-03', 2000, '2025-04-06 03:13:02'),
(60, 7, '2025-03-03', 7000, '2025-04-06 03:13:02'),
(61, 8, '2025-03-03', 12000, '2025-04-06 03:13:02'),
(62, 9, '2025-03-03', 2000, '2025-04-06 03:13:02'),
(63, 10, '2025-03-03', 2000, '2025-04-06 03:13:02'),
(64, 11, '2025-03-03', 17000, '2025-04-06 03:13:02'),
(65, 12, '2025-03-03', 7000, '2025-04-06 03:13:02'),
(66, 13, '2025-03-03', 12000, '2025-04-06 03:13:02'),
(67, 14, '2025-03-03', 17000, '2025-04-06 03:13:02'),
(68, 15, '2025-03-03', 2000, '2025-04-06 03:13:02'),
(69, 16, '2025-03-03', 2000, '2025-04-06 03:13:02'),
(70, 17, '2025-03-03', 7000, '2025-04-06 03:13:02'),
(71, 18, '2025-03-03', 17000, '2025-04-06 03:13:02'),
(72, 19, '2025-03-03', 7000, '2025-04-06 03:13:02'),
(73, 20, '2025-03-03', 7000, '2025-04-06 03:13:02'),
(74, 21, '2025-03-03', 17000, '2025-04-06 03:13:02'),
(75, 22, '2025-03-03', 12000, '2025-04-06 03:13:02'),
(76, 23, '2025-03-03', 2000, '2025-04-06 03:13:02'),
(77, 24, '2025-03-03', 12000, '2025-04-06 03:13:02'),
(78, 25, '2025-03-03', 7000, '2025-04-06 03:13:02'),
(79, 26, '2025-03-03', 12000, '2025-04-06 03:13:02'),
(80, 1, '2025-03-04', 17000, '2025-04-06 03:13:02'),
(81, 2, '2025-03-04', 7000, '2025-04-06 03:13:02'),
(82, 3, '2025-03-04', 12000, '2025-04-06 03:13:02'),
(83, 4, '2025-03-04', 2000, '2025-04-06 03:13:02'),
(84, 5, '2025-03-04', 2000, '2025-04-06 03:13:02'),
(85, 6, '2025-03-04', 12000, '2025-04-06 03:13:02'),
(86, 7, '2025-03-04', 7000, '2025-04-06 03:13:02'),
(87, 8, '2025-03-04', 7000, '2025-04-06 03:13:02'),
(88, 9, '2025-03-04', 7000, '2025-04-06 03:13:02'),
(89, 10, '2025-03-04', 2000, '2025-04-06 03:13:02'),
(90, 11, '2025-03-04', 12000, '2025-04-06 03:13:02'),
(91, 12, '2025-03-04', 2000, '2025-04-06 03:13:02'),
(92, 13, '2025-03-04', 2000, '2025-04-06 03:13:02'),
(93, 14, '2025-03-04', 2000, '2025-04-06 03:13:02'),
(94, 15, '2025-03-04', 7000, '2025-04-06 03:13:02'),
(95, 16, '2025-03-04', 7000, '2025-04-06 03:13:02'),
(96, 17, '2025-03-04', 17000, '2025-04-06 03:13:02'),
(97, 18, '2025-03-04', 12000, '2025-04-06 03:13:02'),
(98, 19, '2025-03-04', 7000, '2025-04-06 03:13:02'),
(99, 20, '2025-03-04', 2000, '2025-04-06 03:13:02'),
(100, 21, '2025-03-04', 7000, '2025-04-06 03:13:02'),
(101, 22, '2025-03-04', 12000, '2025-04-06 03:13:02'),
(102, 23, '2025-03-04', 12000, '2025-04-06 03:13:02'),
(103, 24, '2025-03-04', 17000, '2025-04-06 03:13:02'),
(104, 25, '2025-03-04', 2000, '2025-04-06 03:13:02'),
(105, 26, '2025-03-04', 17000, '2025-04-06 03:13:02'),
(106, 1, '2025-03-05', 12000, '2025-04-06 03:13:02'),
(107, 2, '2025-03-05', 12000, '2025-04-06 03:13:02'),
(108, 3, '2025-03-05', 12000, '2025-04-06 03:13:02'),
(109, 4, '2025-03-05', 17000, '2025-04-06 03:13:02'),
(110, 5, '2025-03-05', 2000, '2025-04-06 03:13:02'),
(111, 6, '2025-03-05', 12000, '2025-04-06 03:13:02'),
(112, 7, '2025-03-05', 7000, '2025-04-06 03:13:02'),
(113, 8, '2025-03-05', 7000, '2025-04-06 03:13:02'),
(114, 9, '2025-03-05', 12000, '2025-04-06 03:13:02'),
(115, 10, '2025-03-05', 17000, '2025-04-06 03:13:02'),
(116, 11, '2025-03-05', 7000, '2025-04-06 03:13:02'),
(117, 12, '2025-03-05', 17000, '2025-04-06 03:13:02'),
(118, 13, '2025-03-05', 17000, '2025-04-06 03:13:02'),
(119, 14, '2025-03-05', 7000, '2025-04-06 03:13:02'),
(120, 15, '2025-03-05', 17000, '2025-04-06 03:13:02'),
(121, 16, '2025-03-05', 7000, '2025-04-06 03:13:02'),
(122, 17, '2025-03-05', 12000, '2025-04-06 03:13:02'),
(123, 18, '2025-03-05', 7000, '2025-04-06 03:13:02'),
(124, 19, '2025-03-05', 12000, '2025-04-06 03:13:02'),
(125, 20, '2025-03-05', 7000, '2025-04-06 03:13:02'),
(126, 21, '2025-03-05', 17000, '2025-04-06 03:13:02'),
(127, 22, '2025-03-05', 17000, '2025-04-06 03:13:02'),
(128, 23, '2025-03-05', 7000, '2025-04-06 03:13:02'),
(129, 24, '2025-03-05', 12000, '2025-04-06 03:13:02'),
(130, 25, '2025-03-05', 7000, '2025-04-06 03:13:02'),
(131, 26, '2025-03-05', 12000, '2025-04-06 03:13:02'),
(132, 1, '2025-03-06', 2000, '2025-04-06 03:13:02'),
(133, 2, '2025-03-06', 7000, '2025-04-06 03:13:02'),
(134, 3, '2025-03-06', 2000, '2025-04-06 03:13:02'),
(135, 4, '2025-03-06', 12000, '2025-04-06 03:13:02'),
(136, 5, '2025-03-06', 7000, '2025-04-06 03:13:02'),
(137, 6, '2025-03-06', 7000, '2025-04-06 03:13:02'),
(138, 7, '2025-03-06', 12000, '2025-04-06 03:13:02'),
(139, 8, '2025-03-06', 12000, '2025-04-06 03:13:02'),
(140, 9, '2025-03-06', 17000, '2025-04-06 03:13:02'),
(141, 10, '2025-03-06', 2000, '2025-04-06 03:13:02'),
(142, 11, '2025-03-06', 7000, '2025-04-06 03:13:02'),
(143, 12, '2025-03-06', 12000, '2025-04-06 03:13:02'),
(144, 13, '2025-03-06', 7000, '2025-04-06 03:13:02'),
(145, 14, '2025-03-06', 12000, '2025-04-06 03:13:02'),
(146, 15, '2025-03-06', 17000, '2025-04-06 03:13:02'),
(147, 16, '2025-03-06', 12000, '2025-04-06 03:13:02'),
(148, 17, '2025-03-06', 12000, '2025-04-06 03:13:02'),
(149, 18, '2025-03-06', 17000, '2025-04-06 03:13:02'),
(150, 19, '2025-03-06', 17000, '2025-04-06 03:13:02'),
(151, 20, '2025-03-06', 2000, '2025-04-06 03:13:02'),
(152, 21, '2025-03-06', 2000, '2025-04-06 03:13:02'),
(153, 22, '2025-03-06', 2000, '2025-04-06 03:13:02'),
(154, 23, '2025-03-06', 17000, '2025-04-06 03:13:02'),
(155, 24, '2025-03-06', 2000, '2025-04-06 03:13:02'),
(156, 25, '2025-03-06', 12000, '2025-04-06 03:13:02'),
(157, 26, '2025-03-06', 17000, '2025-04-06 03:13:02'),
(158, 1, '2025-03-07', 17000, '2025-04-06 03:13:02'),
(159, 2, '2025-03-07', 12000, '2025-04-06 03:13:02'),
(160, 3, '2025-03-07', 17000, '2025-04-06 03:13:02'),
(161, 4, '2025-03-07', 7000, '2025-04-06 03:13:02'),
(162, 5, '2025-03-07', 2000, '2025-04-06 03:13:02'),
(163, 6, '2025-03-07', 12000, '2025-04-06 03:13:02'),
(164, 7, '2025-03-07', 12000, '2025-04-06 03:13:02'),
(165, 8, '2025-03-07', 12000, '2025-04-06 03:13:02'),
(166, 9, '2025-03-07', 2000, '2025-04-06 03:13:02'),
(167, 10, '2025-03-07', 17000, '2025-04-06 03:13:02'),
(168, 11, '2025-03-07', 17000, '2025-04-06 03:13:02'),
(169, 12, '2025-03-07', 17000, '2025-04-06 03:13:02'),
(170, 13, '2025-03-07', 12000, '2025-04-06 03:13:02'),
(171, 14, '2025-03-07', 7000, '2025-04-06 03:13:02'),
(172, 15, '2025-03-07', 17000, '2025-04-06 03:13:02'),
(173, 16, '2025-03-07', 7000, '2025-04-06 03:13:02'),
(174, 17, '2025-03-07', 7000, '2025-04-06 03:13:02'),
(175, 18, '2025-03-07', 2000, '2025-04-06 03:13:02'),
(176, 19, '2025-03-07', 17000, '2025-04-06 03:13:02'),
(177, 20, '2025-03-07', 2000, '2025-04-06 03:13:02'),
(178, 21, '2025-03-07', 7000, '2025-04-06 03:13:02'),
(179, 22, '2025-03-07', 17000, '2025-04-06 03:13:02'),
(180, 23, '2025-03-07', 2000, '2025-04-06 03:13:02'),
(181, 24, '2025-03-07', 17000, '2025-04-06 03:13:02'),
(182, 25, '2025-03-07', 12000, '2025-04-06 03:13:02'),
(183, 26, '2025-03-07', 12000, '2025-04-06 03:13:02'),
(184, 1, '2025-03-08', 12000, '2025-04-06 03:13:02'),
(185, 2, '2025-03-08', 2000, '2025-04-06 03:13:02'),
(186, 3, '2025-03-08', 12000, '2025-04-06 03:13:02'),
(187, 4, '2025-03-08', 2000, '2025-04-06 03:13:02'),
(188, 5, '2025-03-08', 2000, '2025-04-06 03:13:02'),
(189, 6, '2025-03-08', 7000, '2025-04-06 03:13:02'),
(190, 7, '2025-03-08', 7000, '2025-04-06 03:13:02'),
(191, 8, '2025-03-08', 7000, '2025-04-06 03:13:02'),
(192, 9, '2025-03-08', 7000, '2025-04-06 03:13:02'),
(193, 10, '2025-03-08', 17000, '2025-04-06 03:13:02'),
(194, 11, '2025-03-08', 12000, '2025-04-06 03:13:02'),
(195, 12, '2025-03-08', 7000, '2025-04-06 03:13:02'),
(196, 13, '2025-03-08', 7000, '2025-04-06 03:13:02'),
(197, 14, '2025-03-08', 2000, '2025-04-06 03:13:02'),
(198, 15, '2025-03-08', 7000, '2025-04-06 03:13:02'),
(199, 16, '2025-03-08', 7000, '2025-04-06 03:13:02'),
(200, 17, '2025-03-08', 2000, '2025-04-06 03:13:02'),
(201, 18, '2025-03-08', 2000, '2025-04-06 03:13:02'),
(202, 19, '2025-03-08', 17000, '2025-04-06 03:13:02'),
(203, 20, '2025-03-08', 12000, '2025-04-06 03:13:02'),
(204, 21, '2025-03-08', 2000, '2025-04-06 03:13:02'),
(205, 22, '2025-03-08', 17000, '2025-04-06 03:13:02'),
(206, 23, '2025-03-08', 7000, '2025-04-06 03:13:02'),
(207, 24, '2025-03-08', 17000, '2025-04-06 03:13:02'),
(208, 25, '2025-03-08', 17000, '2025-04-06 03:13:02'),
(209, 26, '2025-03-08', 7000, '2025-04-06 03:13:02'),
(210, 1, '2025-03-09', 12000, '2025-04-06 03:13:02'),
(211, 2, '2025-03-09', 12000, '2025-04-06 03:13:02'),
(212, 3, '2025-03-09', 7000, '2025-04-06 03:13:02'),
(213, 4, '2025-03-09', 17000, '2025-04-06 03:13:02'),
(214, 5, '2025-03-09', 2000, '2025-04-06 03:13:02'),
(215, 6, '2025-03-09', 2000, '2025-04-06 03:13:02'),
(216, 7, '2025-03-09', 7000, '2025-04-06 03:13:02'),
(217, 8, '2025-03-09', 17000, '2025-04-06 03:13:02'),
(218, 9, '2025-03-09', 12000, '2025-04-06 03:13:02'),
(219, 10, '2025-03-09', 17000, '2025-04-06 03:13:02'),
(220, 11, '2025-03-09', 2000, '2025-04-06 03:13:02'),
(221, 12, '2025-03-09', 7000, '2025-04-06 03:13:02'),
(222, 13, '2025-03-09', 17000, '2025-04-06 03:13:02'),
(223, 14, '2025-03-09', 12000, '2025-04-06 03:13:02'),
(224, 15, '2025-03-09', 2000, '2025-04-06 03:13:02'),
(225, 16, '2025-03-09', 2000, '2025-04-06 03:13:02'),
(226, 17, '2025-03-09', 17000, '2025-04-06 03:13:02'),
(227, 18, '2025-03-09', 2000, '2025-04-06 03:13:02'),
(228, 19, '2025-03-09', 17000, '2025-04-06 03:13:02'),
(229, 20, '2025-03-09', 7000, '2025-04-06 03:13:02'),
(230, 21, '2025-03-09', 17000, '2025-04-06 03:13:02'),
(231, 22, '2025-03-09', 17000, '2025-04-06 03:13:02'),
(232, 23, '2025-03-09', 12000, '2025-04-06 03:13:02'),
(233, 24, '2025-03-09', 7000, '2025-04-06 03:13:02'),
(234, 25, '2025-03-09', 2000, '2025-04-06 03:13:02'),
(235, 26, '2025-03-09', 17000, '2025-04-06 03:13:02'),
(236, 1, '2025-03-10', 12000, '2025-04-06 03:13:02'),
(237, 2, '2025-03-10', 7000, '2025-04-06 03:13:02'),
(238, 3, '2025-03-10', 12000, '2025-04-06 03:13:02'),
(239, 4, '2025-03-10', 17000, '2025-04-06 03:13:02'),
(240, 5, '2025-03-10', 12000, '2025-04-06 03:13:02'),
(241, 6, '2025-03-10', 2000, '2025-04-06 03:13:02'),
(242, 7, '2025-03-10', 7000, '2025-04-06 03:13:02'),
(243, 8, '2025-03-10', 17000, '2025-04-06 03:13:02'),
(244, 9, '2025-03-10', 2000, '2025-04-06 03:13:02'),
(245, 10, '2025-03-10', 12000, '2025-04-06 03:13:02'),
(246, 11, '2025-03-10', 2000, '2025-04-06 03:13:02'),
(247, 12, '2025-03-10', 17000, '2025-04-06 03:13:02'),
(248, 13, '2025-03-10', 2000, '2025-04-06 03:13:02'),
(249, 14, '2025-03-10', 17000, '2025-04-06 03:13:02'),
(250, 15, '2025-03-10', 2000, '2025-04-06 03:13:02'),
(251, 16, '2025-03-10', 17000, '2025-04-06 03:13:02'),
(252, 17, '2025-03-10', 12000, '2025-04-06 03:13:02'),
(253, 18, '2025-03-10', 7000, '2025-04-06 03:13:02'),
(254, 19, '2025-03-10', 12000, '2025-04-06 03:13:02'),
(255, 20, '2025-03-10', 17000, '2025-04-06 03:13:02'),
(256, 21, '2025-03-10', 17000, '2025-04-06 03:13:02'),
(257, 22, '2025-03-10', 17000, '2025-04-06 03:13:02'),
(258, 23, '2025-03-10', 17000, '2025-04-06 03:13:02'),
(259, 24, '2025-03-10', 12000, '2025-04-06 03:13:02'),
(260, 25, '2025-03-10', 17000, '2025-04-06 03:13:02'),
(261, 26, '2025-03-10', 7000, '2025-04-06 03:13:02'),
(262, 1, '2025-03-11', 2000, '2025-04-06 03:13:02'),
(263, 2, '2025-03-11', 12000, '2025-04-06 03:13:02'),
(264, 3, '2025-03-11', 17000, '2025-04-06 03:13:02'),
(265, 4, '2025-03-11', 7000, '2025-04-06 03:13:02'),
(266, 5, '2025-03-11', 17000, '2025-04-06 03:13:02'),
(267, 6, '2025-03-11', 17000, '2025-04-06 03:13:02'),
(268, 7, '2025-03-11', 17000, '2025-04-06 03:13:02'),
(269, 8, '2025-03-11', 2000, '2025-04-06 03:13:02'),
(270, 9, '2025-03-11', 2000, '2025-04-06 03:13:02'),
(271, 10, '2025-03-11', 7000, '2025-04-06 03:13:02'),
(272, 11, '2025-03-11', 2000, '2025-04-06 03:13:02'),
(273, 12, '2025-03-11', 7000, '2025-04-06 03:13:02'),
(274, 13, '2025-03-11', 7000, '2025-04-06 03:13:02'),
(275, 14, '2025-03-11', 12000, '2025-04-06 03:13:02'),
(276, 15, '2025-03-11', 17000, '2025-04-06 03:13:02'),
(277, 16, '2025-03-11', 7000, '2025-04-06 03:13:02'),
(278, 17, '2025-03-11', 2000, '2025-04-06 03:13:02'),
(279, 18, '2025-03-11', 12000, '2025-04-06 03:13:02'),
(280, 19, '2025-03-11', 2000, '2025-04-06 03:13:02'),
(281, 20, '2025-03-11', 17000, '2025-04-06 03:13:02'),
(282, 21, '2025-03-11', 12000, '2025-04-06 03:13:02'),
(283, 22, '2025-03-11', 7000, '2025-04-06 03:13:02'),
(284, 23, '2025-03-11', 2000, '2025-04-06 03:13:02'),
(285, 24, '2025-03-11', 17000, '2025-04-06 03:13:02'),
(286, 25, '2025-03-11', 17000, '2025-04-06 03:13:02'),
(287, 26, '2025-03-11', 17000, '2025-04-06 03:13:02'),
(288, 1, '2025-03-12', 17000, '2025-04-06 03:13:02'),
(289, 2, '2025-03-12', 12000, '2025-04-06 03:13:02'),
(290, 3, '2025-03-12', 17000, '2025-04-06 03:13:02'),
(291, 4, '2025-03-12', 17000, '2025-04-06 03:13:02'),
(292, 5, '2025-03-12', 7000, '2025-04-06 03:13:02'),
(293, 6, '2025-03-12', 7000, '2025-04-06 03:13:02'),
(294, 7, '2025-03-12', 7000, '2025-04-06 03:13:02'),
(295, 8, '2025-03-12', 2000, '2025-04-06 03:13:02'),
(296, 9, '2025-03-12', 2000, '2025-04-06 03:13:02'),
(297, 10, '2025-03-12', 12000, '2025-04-06 03:13:02'),
(298, 11, '2025-03-12', 12000, '2025-04-06 03:13:02'),
(299, 12, '2025-03-12', 17000, '2025-04-06 03:13:02'),
(300, 13, '2025-03-12', 2000, '2025-04-06 03:13:02'),
(301, 14, '2025-03-12', 12000, '2025-04-06 03:13:02'),
(302, 15, '2025-03-12', 17000, '2025-04-06 03:13:02'),
(303, 16, '2025-03-12', 12000, '2025-04-06 03:13:02'),
(304, 17, '2025-03-12', 17000, '2025-04-06 03:13:02'),
(305, 18, '2025-03-12', 7000, '2025-04-06 03:13:02'),
(306, 19, '2025-03-12', 12000, '2025-04-06 03:13:02'),
(307, 20, '2025-03-12', 7000, '2025-04-06 03:13:02'),
(308, 21, '2025-03-12', 17000, '2025-04-06 03:13:02'),
(309, 22, '2025-03-12', 2000, '2025-04-06 03:13:02'),
(310, 23, '2025-03-12', 17000, '2025-04-06 03:13:02'),
(311, 24, '2025-03-12', 2000, '2025-04-06 03:13:02'),
(312, 25, '2025-03-12', 12000, '2025-04-06 03:13:02'),
(313, 26, '2025-03-12', 12000, '2025-04-06 03:13:02'),
(314, 1, '2025-03-13', 12000, '2025-04-06 03:13:02'),
(315, 2, '2025-03-13', 12000, '2025-04-06 03:13:02'),
(316, 3, '2025-03-13', 17000, '2025-04-06 03:13:02'),
(317, 4, '2025-03-13', 12000, '2025-04-06 03:13:02'),
(318, 5, '2025-03-13', 7000, '2025-04-06 03:13:02'),
(319, 6, '2025-03-13', 2000, '2025-04-06 03:13:02'),
(320, 7, '2025-03-13', 17000, '2025-04-06 03:13:02'),
(321, 8, '2025-03-13', 2000, '2025-04-06 03:13:02'),
(322, 9, '2025-03-13', 2000, '2025-04-06 03:13:02'),
(323, 10, '2025-03-13', 17000, '2025-04-06 03:13:02'),
(324, 11, '2025-03-13', 2000, '2025-04-06 03:13:02'),
(325, 12, '2025-03-13', 2000, '2025-04-06 03:13:02'),
(326, 13, '2025-03-13', 2000, '2025-04-06 03:13:02'),
(327, 14, '2025-03-13', 12000, '2025-04-06 03:13:02'),
(328, 15, '2025-03-13', 7000, '2025-04-06 03:13:02'),
(329, 16, '2025-03-13', 12000, '2025-04-06 03:13:02'),
(330, 17, '2025-03-13', 17000, '2025-04-06 03:13:02'),
(331, 18, '2025-03-13', 12000, '2025-04-06 03:13:02'),
(332, 19, '2025-03-13', 17000, '2025-04-06 03:13:02'),
(333, 20, '2025-03-13', 7000, '2025-04-06 03:13:02'),
(334, 21, '2025-03-13', 7000, '2025-04-06 03:13:02'),
(335, 22, '2025-03-13', 17000, '2025-04-06 03:13:02'),
(336, 23, '2025-03-13', 12000, '2025-04-06 03:13:02'),
(337, 24, '2025-03-13', 17000, '2025-04-06 03:13:02'),
(338, 25, '2025-03-13', 12000, '2025-04-06 03:13:02'),
(339, 26, '2025-03-13', 2000, '2025-04-06 03:13:02'),
(340, 1, '2025-03-14', 17000, '2025-04-06 03:13:02'),
(341, 2, '2025-03-14', 7000, '2025-04-06 03:13:02'),
(342, 3, '2025-03-14', 17000, '2025-04-06 03:13:02'),
(343, 4, '2025-03-14', 2000, '2025-04-06 03:13:02'),
(344, 5, '2025-03-14', 7000, '2025-04-06 03:13:02'),
(345, 6, '2025-03-14', 17000, '2025-04-06 03:13:02'),
(346, 7, '2025-03-14', 12000, '2025-04-06 03:13:02'),
(347, 8, '2025-03-14', 2000, '2025-04-06 03:13:02'),
(348, 9, '2025-03-14', 7000, '2025-04-06 03:13:02'),
(349, 10, '2025-03-14', 12000, '2025-04-06 03:13:02'),
(350, 11, '2025-03-14', 17000, '2025-04-06 03:13:02'),
(351, 12, '2025-03-14', 17000, '2025-04-06 03:13:02'),
(352, 13, '2025-03-14', 12000, '2025-04-06 03:13:02'),
(353, 14, '2025-03-14', 7000, '2025-04-06 03:13:02'),
(354, 15, '2025-03-14', 7000, '2025-04-06 03:13:02'),
(355, 16, '2025-03-14', 17000, '2025-04-06 03:13:02'),
(356, 17, '2025-03-14', 2000, '2025-04-06 03:13:02'),
(357, 18, '2025-03-14', 17000, '2025-04-06 03:13:02'),
(358, 19, '2025-03-14', 7000, '2025-04-06 03:13:02'),
(359, 20, '2025-03-14', 12000, '2025-04-06 03:13:02'),
(360, 21, '2025-03-14', 7000, '2025-04-06 03:13:02'),
(361, 22, '2025-03-14', 120000, '2025-04-06 03:13:02'),
(362, 23, '2025-03-14', 12000, '2025-04-06 03:13:02'),
(363, 24, '2025-03-14', 12000, '2025-04-06 03:13:02'),
(364, 25, '2025-03-14', 17000, '2025-04-06 03:13:02'),
(365, 26, '2025-03-14', 2000, '2025-04-06 03:13:02'),
(366, 1, '2025-03-15', 2000, '2025-04-06 03:13:02'),
(367, 2, '2025-03-15', 2000, '2025-04-06 03:13:02'),
(368, 3, '2025-03-15', 2000, '2025-04-06 03:13:02'),
(369, 4, '2025-03-15', 12000, '2025-04-06 03:13:02'),
(370, 5, '2025-03-15', 17000, '2025-04-06 03:13:02'),
(371, 6, '2025-03-15', 12000, '2025-04-06 03:13:02'),
(372, 7, '2025-03-15', 7000, '2025-04-06 03:13:02'),
(373, 8, '2025-03-15', 7000, '2025-04-06 03:13:02'),
(374, 9, '2025-03-15', 7000, '2025-04-06 03:13:02'),
(375, 10, '2025-03-15', 2000, '2025-04-06 03:13:02'),
(376, 11, '2025-03-15', 2000, '2025-04-06 03:13:02'),
(377, 12, '2025-03-15', 7000, '2025-04-06 03:13:02'),
(378, 13, '2025-03-15', 17000, '2025-04-06 03:13:02'),
(379, 14, '2025-03-15', 17000, '2025-04-06 03:13:02'),
(380, 15, '2025-03-15', 17000, '2025-04-06 03:13:02'),
(381, 16, '2025-03-15', 12000, '2025-04-06 03:13:02'),
(382, 17, '2025-03-15', 7000, '2025-04-06 03:13:02'),
(383, 18, '2025-03-15', 12000, '2025-04-06 03:13:02'),
(384, 19, '2025-03-15', 17000, '2025-04-06 03:13:02'),
(385, 20, '2025-03-15', 12000, '2025-04-06 03:13:02'),
(386, 21, '2025-03-15', 2000, '2025-04-06 03:13:02'),
(387, 22, '2025-03-15', 7000, '2025-04-06 03:13:02'),
(388, 23, '2025-03-15', 7000, '2025-04-06 03:13:02'),
(389, 24, '2025-03-15', 12000, '2025-04-06 03:13:02'),
(390, 25, '2025-03-15', 12000, '2025-04-06 03:13:02'),
(391, 26, '2025-03-15', 2000, '2025-04-06 03:13:02'),
(392, 1, '2025-03-16', 7000, '2025-04-06 03:13:02'),
(393, 2, '2025-03-16', 7000, '2025-04-06 03:13:02'),
(394, 3, '2025-03-16', 17000, '2025-04-06 03:13:02'),
(395, 4, '2025-03-16', 7000, '2025-04-06 03:13:02'),
(396, 5, '2025-03-16', 12000, '2025-04-06 03:13:02'),
(397, 6, '2025-03-16', 17000, '2025-04-06 03:13:02'),
(398, 7, '2025-03-16', 12000, '2025-04-06 03:13:02'),
(399, 8, '2025-03-16', 2000, '2025-04-06 03:13:02'),
(400, 9, '2025-03-16', 12000, '2025-04-06 03:13:02'),
(401, 10, '2025-03-16', 12000, '2025-04-06 03:13:02'),
(402, 11, '2025-03-16', 7000, '2025-04-06 03:13:02'),
(403, 12, '2025-03-16', 7000, '2025-04-06 03:13:02'),
(404, 13, '2025-03-16', 7000, '2025-04-06 03:13:02'),
(405, 14, '2025-03-16', 17000, '2025-04-06 03:13:02'),
(406, 15, '2025-03-16', 17000, '2025-04-06 03:13:02'),
(407, 16, '2025-03-16', 12000, '2025-04-06 03:13:02'),
(408, 17, '2025-03-16', 2000, '2025-04-06 03:13:02'),
(409, 18, '2025-03-16', 7000, '2025-04-06 03:13:02'),
(410, 19, '2025-03-16', 2000, '2025-04-06 03:13:02'),
(411, 20, '2025-03-16', 7000, '2025-04-06 03:13:02'),
(412, 21, '2025-03-16', 17000, '2025-04-06 03:13:02'),
(413, 22, '2025-03-16', 17000, '2025-04-06 03:13:02'),
(414, 23, '2025-03-16', 7000, '2025-04-06 03:13:02'),
(415, 24, '2025-03-16', 2000, '2025-04-06 03:13:02'),
(416, 25, '2025-03-16', 17000, '2025-04-06 03:13:02'),
(417, 26, '2025-03-16', 17000, '2025-04-06 03:13:02'),
(418, 1, '2025-03-17', 2000, '2025-04-06 03:13:02'),
(419, 2, '2025-03-17', 7000, '2025-04-06 03:13:02'),
(420, 3, '2025-03-17', 2000, '2025-04-06 03:13:02'),
(421, 4, '2025-03-17', 7000, '2025-04-06 03:13:02'),
(422, 5, '2025-03-17', 17000, '2025-04-06 03:13:02'),
(423, 6, '2025-03-17', 2000, '2025-04-06 03:13:02'),
(424, 7, '2025-03-17', 2000, '2025-04-06 03:13:02'),
(425, 8, '2025-03-17', 7000, '2025-04-06 03:13:02'),
(426, 9, '2025-03-17', 7000, '2025-04-06 03:13:02'),
(427, 10, '2025-03-17', 7000, '2025-04-06 03:13:02'),
(428, 11, '2025-03-17', 2000, '2025-04-06 03:13:02'),
(429, 12, '2025-03-17', 2000, '2025-04-06 03:13:02'),
(430, 13, '2025-03-17', 17000, '2025-04-06 03:13:02'),
(431, 14, '2025-03-17', 2000, '2025-04-06 03:13:02'),
(432, 15, '2025-03-17', 12000, '2025-04-06 03:13:02'),
(433, 16, '2025-03-17', 7000, '2025-04-06 03:13:02'),
(434, 17, '2025-03-17', 7000, '2025-04-06 03:13:02'),
(435, 18, '2025-03-17', 17000, '2025-04-06 03:13:02'),
(436, 19, '2025-03-17', 7000, '2025-04-06 03:13:02'),
(437, 20, '2025-03-17', 12000, '2025-04-06 03:13:02'),
(438, 21, '2025-03-17', 12000, '2025-04-06 03:13:02'),
(439, 22, '2025-03-17', 17000, '2025-04-06 03:13:02'),
(440, 23, '2025-03-17', 12000, '2025-04-06 03:13:02'),
(441, 24, '2025-03-17', 12000, '2025-04-06 03:13:02'),
(442, 25, '2025-03-17', 7000, '2025-04-06 03:13:02'),
(443, 26, '2025-03-17', 7000, '2025-04-06 03:13:02'),
(444, 1, '2025-03-18', 2000, '2025-04-06 03:13:02'),
(445, 2, '2025-03-18', 12000, '2025-04-06 03:13:02'),
(446, 3, '2025-03-18', 12000, '2025-04-06 03:13:02'),
(447, 4, '2025-03-18', 12000, '2025-04-06 03:13:02'),
(448, 5, '2025-03-18', 7000, '2025-04-06 03:13:02'),
(449, 6, '2025-03-18', 7000, '2025-04-06 03:13:02'),
(450, 7, '2025-03-18', 7000, '2025-04-06 03:13:02'),
(451, 8, '2025-03-18', 17000, '2025-04-06 03:13:02'),
(452, 9, '2025-03-18', 7000, '2025-04-06 03:13:02'),
(453, 10, '2025-03-18', 17000, '2025-04-06 03:13:02'),
(454, 11, '2025-03-18', 7000, '2025-04-06 03:13:02'),
(455, 12, '2025-03-18', 7000, '2025-04-06 03:13:02'),
(456, 13, '2025-03-18', 2000, '2025-04-06 03:13:02'),
(457, 14, '2025-03-18', 12000, '2025-04-06 03:13:02'),
(458, 15, '2025-03-18', 12000, '2025-04-06 03:13:02'),
(459, 16, '2025-03-18', 17000, '2025-04-06 03:13:02'),
(460, 17, '2025-03-18', 17000, '2025-04-06 03:13:02'),
(461, 18, '2025-03-18', 7000, '2025-04-06 03:13:02'),
(462, 19, '2025-03-18', 17000, '2025-04-06 03:13:02'),
(463, 20, '2025-03-18', 12000, '2025-04-06 03:13:02'),
(464, 21, '2025-03-18', 7000, '2025-04-06 03:13:02'),
(465, 22, '2025-03-18', 17000, '2025-04-06 03:13:02'),
(466, 23, '2025-03-18', 7000, '2025-04-06 03:13:02'),
(467, 24, '2025-03-18', 12000, '2025-04-06 03:13:02'),
(468, 25, '2025-03-18', 12000, '2025-04-06 03:13:02'),
(469, 26, '2025-03-18', 7000, '2025-04-06 03:13:02'),
(470, 1, '2025-03-19', 7000, '2025-04-06 03:13:02'),
(471, 2, '2025-03-19', 12000, '2025-04-06 03:13:02'),
(472, 3, '2025-03-19', 2000, '2025-04-06 03:13:02'),
(473, 4, '2025-03-19', 12000, '2025-04-06 03:13:02'),
(474, 5, '2025-03-19', 7000, '2025-04-06 03:13:02'),
(475, 6, '2025-03-19', 7000, '2025-04-06 03:13:02'),
(476, 7, '2025-03-19', 7000, '2025-04-06 03:13:02'),
(477, 8, '2025-03-19', 2000, '2025-04-06 03:13:02'),
(478, 9, '2025-03-19', 7000, '2025-04-06 03:13:02'),
(479, 10, '2025-03-19', 17000, '2025-04-06 03:13:02'),
(480, 11, '2025-03-19', 7000, '2025-04-06 03:13:02'),
(481, 12, '2025-03-19', 2000, '2025-04-06 03:13:02'),
(482, 13, '2025-03-19', 7000, '2025-04-06 03:13:02'),
(483, 14, '2025-03-19', 7000, '2025-04-06 03:13:02'),
(484, 15, '2025-03-19', 7000, '2025-04-06 03:13:02'),
(485, 16, '2025-03-19', 17000, '2025-04-06 03:13:02'),
(486, 17, '2025-03-19', 12000, '2025-04-06 03:13:02'),
(487, 18, '2025-03-19', 2000, '2025-04-06 03:13:02'),
(488, 19, '2025-03-19', 7000, '2025-04-06 03:13:02'),
(489, 20, '2025-03-19', 17000, '2025-04-06 03:13:02'),
(490, 21, '2025-03-19', 12000, '2025-04-06 03:13:02'),
(491, 22, '2025-03-19', 17000, '2025-04-06 03:13:02'),
(492, 23, '2025-03-19', 12000, '2025-04-06 03:13:02'),
(493, 24, '2025-03-19', 12000, '2025-04-06 03:13:02'),
(494, 25, '2025-03-19', 7000, '2025-04-06 03:13:02'),
(495, 26, '2025-03-19', 7000, '2025-04-06 03:13:02'),
(496, 1, '2025-03-20', 7000, '2025-04-06 03:13:02'),
(497, 2, '2025-03-20', 7000, '2025-04-06 03:13:02'),
(498, 3, '2025-03-20', 7000, '2025-04-06 03:13:02'),
(499, 4, '2025-03-20', 7000, '2025-04-06 03:13:02'),
(500, 5, '2025-03-20', 12000, '2025-04-06 03:13:02'),
(501, 6, '2025-03-20', 17000, '2025-04-06 03:13:02'),
(502, 7, '2025-03-20', 17000, '2025-04-06 03:13:02'),
(503, 8, '2025-03-20', 12000, '2025-04-06 03:13:02'),
(504, 9, '2025-03-20', 7000, '2025-04-06 03:13:02'),
(505, 10, '2025-03-20', 12000, '2025-04-06 03:13:02'),
(506, 11, '2025-03-20', 7000, '2025-04-06 03:13:02'),
(507, 12, '2025-03-20', 12000, '2025-04-06 03:13:02'),
(508, 13, '2025-03-20', 17000, '2025-04-06 03:13:02'),
(509, 14, '2025-03-20', 2000, '2025-04-06 03:13:02'),
(510, 15, '2025-03-20', 7000, '2025-04-06 03:13:02'),
(511, 16, '2025-03-20', 7000, '2025-04-06 03:13:02'),
(512, 17, '2025-03-20', 17000, '2025-04-06 03:13:02'),
(513, 18, '2025-03-20', 2000, '2025-04-06 03:13:02'),
(514, 19, '2025-03-20', 7000, '2025-04-06 03:13:02'),
(515, 20, '2025-03-20', 2000, '2025-04-06 03:13:02'),
(516, 21, '2025-03-20', 2000, '2025-04-06 03:13:02'),
(517, 22, '2025-03-20', 7000, '2025-04-06 03:13:02'),
(518, 23, '2025-03-20', 7000, '2025-04-06 03:13:02'),
(519, 24, '2025-03-20', 7000, '2025-04-06 03:13:02'),
(520, 25, '2025-03-20', 7000, '2025-04-06 03:13:02'),
(521, 26, '2025-03-20', 7000, '2025-04-06 03:13:02'),
(522, 1, '2025-03-21', 7000, '2025-04-06 03:13:02'),
(523, 2, '2025-03-21', 7000, '2025-04-06 03:13:02'),
(524, 3, '2025-03-21', 2000, '2025-04-06 03:13:02'),
(525, 4, '2025-03-21', 7000, '2025-04-06 03:13:02'),
(526, 5, '2025-03-21', 12000, '2025-04-06 03:13:02'),
(527, 6, '2025-03-21', 12000, '2025-04-06 03:13:02'),
(528, 7, '2025-03-21', 12000, '2025-04-06 03:13:02'),
(529, 8, '2025-03-21', 2000, '2025-04-06 03:13:02'),
(530, 9, '2025-03-21', 17000, '2025-04-06 03:13:02'),
(531, 10, '2025-03-21', 17000, '2025-04-06 03:13:02'),
(532, 11, '2025-03-21', 17000, '2025-04-06 03:13:02'),
(533, 12, '2025-03-21', 2000, '2025-04-06 03:13:02'),
(534, 13, '2025-03-21', 2000, '2025-04-06 03:13:02'),
(535, 14, '2025-03-21', 2000, '2025-04-06 03:13:02'),
(536, 15, '2025-03-21', 12000, '2025-04-06 03:13:02'),
(537, 16, '2025-03-21', 12000, '2025-04-06 03:13:02'),
(538, 17, '2025-03-21', 12000, '2025-04-06 03:13:02'),
(539, 18, '2025-03-21', 2000, '2025-04-06 03:13:02'),
(540, 19, '2025-03-21', 12000, '2025-04-06 03:13:02'),
(541, 20, '2025-03-21', 7000, '2025-04-06 03:13:02'),
(542, 21, '2025-03-21', 7000, '2025-04-06 03:13:02'),
(543, 22, '2025-03-21', 7000, '2025-04-06 03:13:02'),
(544, 23, '2025-03-21', 12000, '2025-04-06 03:13:02'),
(545, 24, '2025-03-21', 7000, '2025-04-06 03:13:02'),
(546, 25, '2025-03-21', 7000, '2025-04-06 03:13:02'),
(547, 26, '2025-03-21', 12000, '2025-04-06 03:13:02'),
(548, 1, '2025-03-22', 12000, '2025-04-06 03:13:02'),
(549, 2, '2025-03-22', 7000, '2025-04-06 03:13:02'),
(550, 3, '2025-03-22', 2000, '2025-04-06 03:13:02'),
(551, 4, '2025-03-22', 12000, '2025-04-06 03:13:02'),
(552, 5, '2025-03-22', 2000, '2025-04-06 03:13:02'),
(553, 6, '2025-03-22', 12000, '2025-04-06 03:13:02'),
(554, 7, '2025-03-22', 2000, '2025-04-06 03:13:02'),
(555, 8, '2025-03-22', 17000, '2025-04-06 03:13:02'),
(556, 9, '2025-03-22', 2000, '2025-04-06 03:13:02'),
(557, 10, '2025-03-22', 7000, '2025-04-06 03:13:02'),
(558, 11, '2025-03-22', 2000, '2025-04-06 03:13:02'),
(559, 12, '2025-03-22', 17000, '2025-04-06 03:13:02'),
(560, 13, '2025-03-22', 17000, '2025-04-06 03:13:02'),
(561, 14, '2025-03-22', 7000, '2025-04-06 03:13:02'),
(562, 15, '2025-03-22', 12000, '2025-04-06 03:13:02'),
(563, 16, '2025-03-22', 17000, '2025-04-06 03:13:02'),
(564, 17, '2025-03-22', 7000, '2025-04-06 03:13:02'),
(565, 18, '2025-03-22', 12000, '2025-04-06 03:13:02'),
(566, 19, '2025-03-22', 2000, '2025-04-06 03:13:02'),
(567, 20, '2025-03-22', 2000, '2025-04-06 03:13:02'),
(568, 21, '2025-03-22', 2000, '2025-04-06 03:13:02'),
(569, 22, '2025-03-22', 17000, '2025-04-06 03:13:02'),
(570, 23, '2025-03-22', 12000, '2025-04-06 03:13:02'),
(571, 24, '2025-03-22', 17000, '2025-04-06 03:13:02'),
(572, 25, '2025-03-22', 12000, '2025-04-06 03:13:02'),
(573, 26, '2025-03-22', 17000, '2025-04-06 03:13:02'),
(574, 1, '2025-03-23', 7000, '2025-04-06 03:13:02'),
(575, 2, '2025-03-23', 2000, '2025-04-06 03:13:02'),
(576, 3, '2025-03-23', 12000, '2025-04-06 03:13:02'),
(577, 4, '2025-03-23', 7000, '2025-04-06 03:13:02'),
(578, 5, '2025-03-23', 17000, '2025-04-06 03:13:02'),
(579, 6, '2025-03-23', 2000, '2025-04-06 03:13:02'),
(580, 7, '2025-03-23', 7000, '2025-04-06 03:13:02'),
(581, 8, '2025-03-23', 17000, '2025-04-06 03:13:02'),
(582, 9, '2025-03-23', 12000, '2025-04-06 03:13:02'),
(583, 10, '2025-03-23', 7000, '2025-04-06 03:13:02'),
(584, 11, '2025-03-23', 7000, '2025-04-06 03:13:02'),
(585, 12, '2025-03-23', 7000, '2025-04-06 03:13:02'),
(586, 13, '2025-03-23', 2000, '2025-04-06 03:13:02'),
(587, 14, '2025-03-23', 12000, '2025-04-06 03:13:02'),
(588, 15, '2025-03-23', 12000, '2025-04-06 03:13:02'),
(589, 16, '2025-03-23', 17000, '2025-04-06 03:13:02'),
(590, 17, '2025-03-23', 2000, '2025-04-06 03:13:02'),
(591, 18, '2025-03-23', 17000, '2025-04-06 03:13:02'),
(592, 19, '2025-03-23', 2000, '2025-04-06 03:13:02'),
(593, 20, '2025-03-23', 2000, '2025-04-06 03:13:02'),
(594, 21, '2025-03-23', 17000, '2025-04-06 03:13:02'),
(595, 22, '2025-03-23', 17000, '2025-04-06 03:13:02'),
(596, 23, '2025-03-23', 7000, '2025-04-06 03:13:02'),
(597, 24, '2025-03-23', 2000, '2025-04-06 03:13:02'),
(598, 25, '2025-03-23', 2000, '2025-04-06 03:13:02'),
(599, 26, '2025-03-23', 2000, '2025-04-06 03:13:02'),
(600, 1, '2025-03-24', 2000, '2025-04-06 03:13:02'),
(601, 2, '2025-03-24', 2000, '2025-04-06 03:13:02'),
(602, 3, '2025-03-24', 2000, '2025-04-06 03:13:02'),
(603, 4, '2025-03-24', 7000, '2025-04-06 03:13:02'),
(604, 5, '2025-03-24', 17000, '2025-04-06 03:13:02'),
(605, 6, '2025-03-24', 7000, '2025-04-06 03:13:02'),
(606, 7, '2025-03-24', 7000, '2025-04-06 03:13:02'),
(607, 8, '2025-03-24', 12000, '2025-04-06 03:13:02'),
(608, 9, '2025-03-24', 12000, '2025-04-06 03:13:02'),
(609, 10, '2025-03-24', 17000, '2025-04-06 03:13:02'),
(610, 11, '2025-03-24', 7000, '2025-04-06 03:13:02'),
(611, 12, '2025-03-24', 12000, '2025-04-06 03:13:02'),
(612, 13, '2025-03-24', 7000, '2025-04-06 03:13:02'),
(613, 14, '2025-03-24', 7000, '2025-04-06 03:13:02'),
(614, 15, '2025-03-24', 7000, '2025-04-06 03:13:02'),
(615, 16, '2025-03-24', 12000, '2025-04-06 03:13:02'),
(616, 17, '2025-03-24', 7000, '2025-04-06 03:13:02'),
(617, 18, '2025-03-24', 7000, '2025-04-06 03:13:02'),
(618, 19, '2025-03-24', 17000, '2025-04-06 03:13:02'),
(619, 20, '2025-03-24', 12000, '2025-04-06 03:13:02'),
(620, 21, '2025-03-24', 17000, '2025-04-06 03:13:02'),
(621, 22, '2025-03-24', 2000, '2025-04-06 03:13:02'),
(622, 23, '2025-03-24', 12000, '2025-04-06 03:13:02'),
(623, 24, '2025-03-24', 17000, '2025-04-06 03:13:02'),
(624, 25, '2025-03-24', 7000, '2025-04-06 03:13:02'),
(625, 26, '2025-03-24', 7000, '2025-04-06 03:13:02'),
(626, 1, '2025-03-25', 7000, '2025-04-06 03:13:02'),
(627, 2, '2025-03-25', 12000, '2025-04-06 03:13:02'),
(628, 3, '2025-03-25', 7000, '2025-04-06 03:13:02'),
(629, 4, '2025-03-25', 7000, '2025-04-06 03:13:02'),
(630, 5, '2025-03-25', 7000, '2025-04-06 03:13:02'),
(631, 6, '2025-03-25', 17000, '2025-04-06 03:13:02'),
(632, 7, '2025-03-25', 17000, '2025-04-06 03:13:02'),
(633, 8, '2025-03-25', 12000, '2025-04-06 03:13:02'),
(634, 9, '2025-03-25', 17000, '2025-04-06 03:13:02'),
(635, 10, '2025-03-25', 7000, '2025-04-06 03:13:02'),
(636, 11, '2025-03-25', 7000, '2025-04-06 03:13:02'),
(637, 12, '2025-03-25', 17000, '2025-04-06 03:13:02'),
(638, 13, '2025-03-25', 2000, '2025-04-06 03:13:02'),
(639, 14, '2025-03-25', 2000, '2025-04-06 03:13:02'),
(640, 15, '2025-03-25', 7000, '2025-04-06 03:13:02'),
(641, 16, '2025-03-25', 12000, '2025-04-06 03:13:02'),
(642, 17, '2025-03-25', 12000, '2025-04-06 03:13:02'),
(643, 18, '2025-03-25', 12000, '2025-04-06 03:13:02'),
(644, 19, '2025-03-25', 2000, '2025-04-06 03:13:02'),
(645, 20, '2025-03-25', 17000, '2025-04-06 03:13:02'),
(646, 21, '2025-03-25', 17000, '2025-04-06 03:13:02'),
(647, 22, '2025-03-25', 2000, '2025-04-06 03:13:02'),
(648, 23, '2025-03-25', 12000, '2025-04-06 03:13:02'),
(649, 24, '2025-03-25', 2000, '2025-04-06 03:13:02'),
(650, 25, '2025-03-25', 12000, '2025-04-06 03:13:02'),
(651, 26, '2025-03-25', 12000, '2025-04-06 03:13:02'),
(652, 1, '2025-03-26', 12000, '2025-04-06 03:13:02'),
(653, 2, '2025-03-26', 2000, '2025-04-06 03:13:02'),
(654, 3, '2025-03-26', 17000, '2025-04-06 03:13:02'),
(655, 4, '2025-03-26', 12000, '2025-04-06 03:13:02'),
(656, 5, '2025-03-26', 2000, '2025-04-06 03:13:02'),
(657, 6, '2025-03-26', 7000, '2025-04-06 03:13:02'),
(658, 7, '2025-03-26', 7000, '2025-04-06 03:13:02'),
(659, 8, '2025-03-26', 17000, '2025-04-06 03:13:02'),
(660, 9, '2025-03-26', 17000, '2025-04-06 03:13:02'),
(661, 10, '2025-03-26', 2000, '2025-04-06 03:13:02'),
(662, 11, '2025-03-26', 2000, '2025-04-06 03:13:02'),
(663, 12, '2025-03-26', 7000, '2025-04-06 03:13:02'),
(664, 13, '2025-03-26', 7000, '2025-04-06 03:13:02'),
(665, 14, '2025-03-26', 7000, '2025-04-06 03:13:02'),
(666, 15, '2025-03-26', 2000, '2025-04-06 03:13:02'),
(667, 16, '2025-03-26', 2000, '2025-04-06 03:13:02'),
(668, 17, '2025-03-26', 7000, '2025-04-06 03:13:02'),
(669, 18, '2025-03-26', 17000, '2025-04-06 03:13:02'),
(670, 19, '2025-03-26', 17000, '2025-04-06 03:13:02'),
(671, 20, '2025-03-26', 12000, '2025-04-06 03:13:02'),
(672, 21, '2025-03-26', 12000, '2025-04-06 03:13:02'),
(673, 22, '2025-03-26', 12000, '2025-04-06 03:13:02'),
(674, 23, '2025-03-26', 17000, '2025-04-06 03:13:02'),
(675, 24, '2025-03-26', 12000, '2025-04-06 03:13:02'),
(676, 25, '2025-03-26', 2000, '2025-04-06 03:13:02'),
(677, 26, '2025-03-26', 7000, '2025-04-06 03:13:02'),
(678, 1, '2025-03-27', 17000, '2025-04-06 03:13:02'),
(679, 2, '2025-03-27', 7000, '2025-04-06 03:13:02'),
(680, 3, '2025-03-27', 17000, '2025-04-06 03:13:02'),
(681, 4, '2025-03-27', 2000, '2025-04-06 03:13:02'),
(682, 5, '2025-03-27', 7000, '2025-04-06 03:13:02'),
(683, 6, '2025-03-27', 7000, '2025-04-06 03:13:02'),
(684, 7, '2025-03-27', 2000, '2025-04-06 03:13:02'),
(685, 8, '2025-03-27', 7000, '2025-04-06 03:13:02'),
(686, 9, '2025-03-27', 17000, '2025-04-06 03:13:02'),
(687, 10, '2025-03-27', 12000, '2025-04-06 03:13:02'),
(688, 11, '2025-03-27', 12000, '2025-04-06 03:13:02'),
(689, 12, '2025-03-27', 17000, '2025-04-06 03:13:02'),
(690, 13, '2025-03-27', 2000, '2025-04-06 03:13:02'),
(691, 14, '2025-03-27', 7000, '2025-04-06 03:13:02'),
(692, 15, '2025-03-27', 2000, '2025-04-06 03:13:02'),
(693, 16, '2025-03-27', 2000, '2025-04-06 03:13:02'),
(694, 17, '2025-03-27', 2000, '2025-04-06 03:13:02'),
(695, 18, '2025-03-27', 2000, '2025-04-06 03:13:02'),
(696, 19, '2025-03-27', 17000, '2025-04-06 03:13:02'),
(697, 20, '2025-03-27', 2000, '2025-04-06 03:13:02'),
(698, 21, '2025-03-27', 17000, '2025-04-06 03:13:02'),
(699, 22, '2025-03-27', 7000, '2025-04-06 03:13:02'),
(700, 23, '2025-03-27', 17000, '2025-04-06 03:13:02'),
(701, 24, '2025-03-27', 12000, '2025-04-06 03:13:02'),
(702, 25, '2025-03-27', 2000, '2025-04-06 03:13:02'),
(703, 26, '2025-03-27', 12000, '2025-04-06 03:13:02'),
(704, 1, '2025-03-28', 7000, '2025-04-06 03:13:02'),
(705, 2, '2025-03-28', 2000, '2025-04-06 03:13:02'),
(706, 3, '2025-03-28', 7000, '2025-04-06 03:13:02'),
(707, 4, '2025-03-28', 12000, '2025-04-06 03:13:02'),
(708, 5, '2025-03-28', 2000, '2025-04-06 03:13:02'),
(709, 6, '2025-03-28', 7000, '2025-04-06 03:13:02'),
(710, 7, '2025-03-28', 12000, '2025-04-06 03:13:02'),
(711, 8, '2025-03-28', 2000, '2025-04-06 03:13:02'),
(712, 9, '2025-03-28', 7000, '2025-04-06 03:13:02'),
(713, 10, '2025-03-28', 2000, '2025-04-06 03:13:02'),
(714, 11, '2025-03-28', 2000, '2025-04-06 03:13:02'),
(715, 12, '2025-03-28', 17000, '2025-04-06 03:13:02'),
(716, 13, '2025-03-28', 2000, '2025-04-06 03:13:02'),
(717, 14, '2025-03-28', 2000, '2025-04-06 03:13:02'),
(718, 15, '2025-03-28', 12000, '2025-04-06 03:13:02'),
(719, 16, '2025-03-28', 17000, '2025-04-06 03:13:02'),
(720, 17, '2025-03-28', 17000, '2025-04-06 03:13:02'),
(721, 18, '2025-03-28', 2000, '2025-04-06 03:13:02'),
(722, 19, '2025-03-28', 2000, '2025-04-06 03:13:02'),
(723, 20, '2025-03-28', 2000, '2025-04-06 03:13:02'),
(724, 21, '2025-03-28', 7000, '2025-04-06 03:13:02'),
(725, 22, '2025-03-28', 17000, '2025-04-06 03:13:02'),
(726, 23, '2025-03-28', 12000, '2025-04-06 03:13:02'),
(727, 24, '2025-03-28', 7000, '2025-04-06 03:13:02'),
(728, 25, '2025-03-28', 17000, '2025-04-06 03:13:02'),
(729, 26, '2025-03-28', 17000, '2025-04-06 03:13:02'),
(730, 1, '2025-03-29', 2000, '2025-04-06 03:13:02'),
(731, 2, '2025-03-29', 12000, '2025-04-06 03:13:02'),
(732, 3, '2025-03-29', 12000, '2025-04-06 03:13:02'),
(733, 4, '2025-03-29', 12000, '2025-04-06 03:13:02'),
(734, 5, '2025-03-29', 2000, '2025-04-06 03:13:02'),
(735, 6, '2025-03-29', 17000, '2025-04-06 03:13:02'),
(736, 7, '2025-03-29', 12000, '2025-04-06 03:13:02'),
(737, 8, '2025-03-29', 7000, '2025-04-06 03:13:02'),
(738, 9, '2025-03-29', 2000, '2025-04-06 03:13:02'),
(739, 10, '2025-03-29', 12000, '2025-04-06 03:13:02'),
(740, 11, '2025-03-29', 2000, '2025-04-06 03:13:02'),
(741, 12, '2025-03-29', 17000, '2025-04-06 03:13:02'),
(742, 13, '2025-03-29', 2000, '2025-04-06 03:13:02'),
(743, 14, '2025-03-29', 17000, '2025-04-06 03:13:02'),
(744, 15, '2025-03-29', 12000, '2025-04-06 03:13:02'),
(745, 16, '2025-03-29', 17000, '2025-04-06 03:13:02'),
(746, 17, '2025-03-29', 2000, '2025-04-06 03:13:02'),
(747, 18, '2025-03-29', 12000, '2025-04-06 03:13:02'),
(748, 19, '2025-03-29', 17000, '2025-04-06 03:13:02'),
(749, 20, '2025-03-29', 12000, '2025-04-06 03:13:02'),
(750, 21, '2025-03-29', 17000, '2025-04-06 03:13:02'),
(751, 22, '2025-03-29', 17000, '2025-04-06 03:13:02'),
(752, 23, '2025-03-29', 7000, '2025-04-06 03:13:02'),
(753, 24, '2025-03-29', 7000, '2025-04-06 03:13:02'),
(754, 25, '2025-03-29', 17000, '2025-04-06 03:13:02'),
(755, 26, '2025-03-29', 12000, '2025-04-06 03:13:02'),
(756, 1, '2025-03-30', 17000, '2025-04-06 03:13:02'),
(757, 2, '2025-03-30', 2000, '2025-04-06 03:13:02'),
(758, 3, '2025-03-30', 7000, '2025-04-06 03:13:02'),
(759, 4, '2025-03-30', 7000, '2025-04-06 03:13:02'),
(760, 5, '2025-03-30', 17000, '2025-04-06 03:13:02'),
(761, 6, '2025-03-30', 17000, '2025-04-06 03:13:02'),
(762, 7, '2025-03-30', 17000, '2025-04-06 03:13:02'),
(763, 8, '2025-03-30', 2000, '2025-04-06 03:13:02'),
(764, 9, '2025-03-30', 2000, '2025-04-06 03:13:02'),
(765, 10, '2025-03-30', 7000, '2025-04-06 03:13:02'),
(766, 11, '2025-03-30', 7000, '2025-04-06 03:13:02'),
(767, 12, '2025-03-30', 17000, '2025-04-06 03:13:02'),
(768, 13, '2025-03-30', 12000, '2025-04-06 03:13:02'),
(769, 14, '2025-03-30', 2000, '2025-04-06 03:13:02'),
(770, 15, '2025-03-30', 17000, '2025-04-06 03:13:02'),
(771, 16, '2025-03-30', 2000, '2025-04-06 03:13:02'),
(772, 17, '2025-03-30', 7000, '2025-04-06 03:13:02'),
(773, 18, '2025-03-30', 17000, '2025-04-06 03:13:02'),
(774, 19, '2025-03-30', 17000, '2025-04-06 03:13:02'),
(775, 20, '2025-03-30', 12000, '2025-04-06 03:13:02'),
(776, 21, '2025-03-30', 12000, '2025-04-06 03:13:02'),
(777, 22, '2025-03-30', 17000, '2025-04-06 03:13:02'),
(778, 23, '2025-03-30', 17000, '2025-04-06 03:13:02'),
(779, 24, '2025-03-30', 12000, '2025-04-06 03:13:02'),
(780, 25, '2025-03-30', 7000, '2025-04-06 03:13:02'),
(781, 26, '2025-03-30', 2000, '2025-04-06 03:13:02'),
(782, 1, '2025-03-31', 2000, '2025-04-06 03:13:02'),
(783, 2, '2025-03-31', 7000, '2025-04-06 03:13:02'),
(784, 3, '2025-03-31', 17000, '2025-04-06 03:13:02'),
(785, 4, '2025-03-31', 7000, '2025-04-06 03:13:02'),
(786, 5, '2025-03-31', 2000, '2025-04-06 03:13:02'),
(787, 6, '2025-03-31', 17000, '2025-04-06 03:13:02'),
(788, 7, '2025-03-31', 17000, '2025-04-06 03:13:02'),
(789, 8, '2025-03-31', 17000, '2025-04-06 03:13:02'),
(790, 9, '2025-03-31', 7000, '2025-04-06 03:13:02'),
(791, 10, '2025-03-31', 7000, '2025-04-06 03:13:02'),
(792, 11, '2025-03-31', 17000, '2025-04-06 03:13:02'),
(793, 12, '2025-03-31', 12000, '2025-04-06 03:13:02'),
(794, 13, '2025-03-31', 17000, '2025-04-06 03:13:02'),
(795, 14, '2025-03-31', 12000, '2025-04-06 03:13:02'),
(796, 15, '2025-03-31', 17000, '2025-04-06 03:13:02'),
(797, 16, '2025-03-31', 17000, '2025-04-06 03:13:02'),
(798, 17, '2025-03-31', 17000, '2025-04-06 03:13:02'),
(799, 18, '2025-03-31', 2000, '2025-04-06 03:13:02'),
(800, 19, '2025-03-31', 7000, '2025-04-06 03:13:02'),
(801, 20, '2025-03-31', 7000, '2025-04-06 03:13:02'),
(802, 21, '2025-03-31', 7000, '2025-04-06 03:13:02'),
(803, 22, '2025-03-31', 7000, '2025-04-06 03:13:02'),
(804, 23, '2025-03-31', 2000, '2025-04-06 03:13:02'),
(805, 24, '2025-03-31', 17000, '2025-04-06 03:13:02'),
(806, 25, '2025-03-31', 17000, '2025-04-06 03:13:02'),
(807, 26, '2025-03-31', 2000, '2025-04-06 03:13:02');

-- --------------------------------------------------------

--
-- Struktur dari tabel `users`
--

CREATE TABLE `users` (
  `id` int NOT NULL,
  `username` varchar(50) NOT NULL,
  `password` varchar(50) NOT NULL,
  `role` enum('admin','user') NOT NULL
) ENGINE=InnoDB DEFAULT CHARSET=utf8mb3;

--
-- Dumping data untuk tabel `users`
--

INSERT INTO `users` (`id`, `username`, `password`, `role`) VALUES
(1, 'admin', '0192023a7bbd73250516f069df18b500', 'admin'),
(2, 'user1', '6ad14ba9986e3615423dfca256d04e3f', 'user');

-- --------------------------------------------------------

--
-- Struktur dari tabel `warga`
--

CREATE TABLE `warga` (
  `id` int NOT NULL,
  `nama` varchar(50) NOT NULL
) ENGINE=InnoDB DEFAULT CHARSET=utf8mb3;

--
-- Dumping data untuk tabel `warga`
--

INSERT INTO `warga` (`id`, `nama`) VALUES
(1, 'Agus'),
(2, 'Budi'),
(3, 'Citra'),
(4, 'Dewi'),
(5, 'Eka'),
(6, 'Fajar'),
(7, 'Gilang'),
(8, 'Hari'),
(9, 'Indah'),
(10, 'Joko'),
(11, 'Kiki'),
(12, 'Lina'),
(13, 'Maya'),
(14, 'Nina'),
(15, 'Oki'),
(16, 'Putri'),
(17, 'Qori'),
(18, 'Rudi'),
(19, 'Sari'),
(20, 'Toni'),
(21, 'Umar'),
(22, 'Vina'),
(23, 'Wawan'),
(24, 'Xenia'),
(25, 'Yuni'),
(26, 'Zaki');

--
-- Indexes for dumped tables
--

--
-- Indeks untuk tabel `kas_rt`
--
ALTER TABLE `kas_rt`
  ADD PRIMARY KEY (`id`);

--
-- Indeks untuk tabel `tab_march25`
--
ALTER TABLE `tab_march25`
  ADD PRIMARY KEY (`id`),
  ADD KEY `warga_id` (`warga_id`),
  ADD KEY `tanggal` (`tanggal`);

--
-- Indeks untuk tabel `users`
--
ALTER TABLE `users`
  ADD PRIMARY KEY (`id`),
  ADD UNIQUE KEY `username` (`username`);

--
-- Indeks untuk tabel `warga`
--
ALTER TABLE `warga`
  ADD PRIMARY KEY (`id`);

--
-- AUTO_INCREMENT untuk tabel yang dibuang
--

--
-- AUTO_INCREMENT untuk tabel `kas_rt`
--
ALTER TABLE `kas_rt`
  MODIFY `id` int NOT NULL AUTO_INCREMENT, AUTO_INCREMENT=32;

--
-- AUTO_INCREMENT untuk tabel `tab_march25`
--
ALTER TABLE `tab_march25`
  MODIFY `id` int NOT NULL AUTO_INCREMENT, AUTO_INCREMENT=808;

--
-- AUTO_INCREMENT untuk tabel `users`
--
ALTER TABLE `users`
  MODIFY `id` int NOT NULL AUTO_INCREMENT, AUTO_INCREMENT=3;

--
-- AUTO_INCREMENT untuk tabel `warga`
--
ALTER TABLE `warga`
  MODIFY `id` int NOT NULL AUTO_INCREMENT, AUTO_INCREMENT=27;

--
-- Ketidakleluasaan untuk tabel pelimpahan (Dumped Tables)
--

--
-- Ketidakleluasaan untuk tabel `tab_march25`
--
ALTER TABLE `tab_march25`
  ADD CONSTRAINT `tab_march25_ibfk_1` FOREIGN KEY (`warga_id`) REFERENCES `warga` (`id`) ON DELETE CASCADE;
COMMIT;

/*!40101 SET CHARACTER_SET_CLIENT=@OLD_CHARACTER_SET_CLIENT */;
/*!40101 SET CHARACTER_SET_RESULTS=@OLD_CHARACTER_SET_RESULTS */;
/*!40101 SET COLLATION_CONNECTION=@OLD_COLLATION_CONNECTION */;
